<?xml version='2.0' encoding='ISO-8859-1' ?>

<index version="2.0">
	<indexitem target="frame" text="Frame">
		<indexitem target="frame" text="Text 1"/>
		<indexitem target="frame" text="Text 2"/>
	</indexitem>
	<indexitem target="dialog" text="Dialog">
		<indexitem target="dialog" text="Text 3"/>
		<indexitem target="dialog" text="Text 4"/>
	</indexitem>
	<indexitem target="desktopFrame" text="Desktop Frame">
		<indexitem target="internalFrame1" text="Text 5"/>
		<indexitem target="internalFrame1" text="Text 6"/>
		<indexitem target="internalFrame1" text="Text 5"/>
		<indexitem target="internalFrame2" text="Text 7"/>
		<indexitem target="internalFrame2" text="Text 8"/>
		<indexitem target="internalFrame2" text="Text 9"/>
	</indexitem>
</index>
