<?xml version='2.0' encoding='ISO-8859-1' ?>           
<toc version="2.0">
<tocitem text="Obsah napovedy">
	<tocitem target="frame" text="Frame"/>
	<tocitem target="dialog" text="Dialog"/>
	<tocitem target="desktopFrame" text="Desktop Frame">
		<tocitem target="internalFrame1" text="Internal Frame 1"/>
		<tocitem target="internalFrame2" text="Internal Frame 2"/>
	</tocitem>
	<tocitem target="component1" text="Component 1"/>
	<tocitem target="component2" text="Component 2"/>
	<tocitem target="tab1" text="Tab 1"/>
	<tocitem target="tab2" text="Tab 2"/>
</tocitem>
</toc>